{
  "project_info": {
    "project_number": "604094442383",
    "project_id": "treescanner-f4287",
    "storage_bucket": "treescanner-f4287.firebasestorage.app"
  },
  "client": [
    {
      "client_info": {
        "mobilesdk_app_id": "1:604094442383:android:cd81be6224c3fa49fab9fa",
        "android_client_info": {
          "package_name": "com.example.tree__scanner"
        }
      },
      "oauth_client": [],
      "api_key": [
        {
          "current_key": "AIzaSyC2f0XtVsO130qoSnlexNYyS3Nvseljies"
        }
      ],
      "services": {
        "appinvite_service": {
          "other_platform_oauth_client": []
        }
      }
    }
  ],
  "configuration_version": "1"
}